contract_address,sender,receiver,pickup_time,tx_hash,block_number,block_hash,network,tx_index,log_index
0x5fbdb2315678afecb367f032d93f642f64180aa3,0xf39fd6e51aad88f6f4ce6ab8827279cfffb92266,0xf39fd6e51aad88f6f4ce6ab8827279cfffb92266,1750291200,0x8e72a3123e43147334c996b31455ea3fda257968cdf8691af787931a5d229057,4,0xbe52192519d0e69bd064086c4b00e8583f39d10bb86897e6b2250d2fc7181cb3,anvil
0x5fbdb2315678afecb367f032d93f642f64180aa3,0xf39fd6e51aad88f6f4ce6ab8827279cfffb92266,0xf39fd6e51aad88f6f4ce6ab8827279cfffb92266,1750896000,0x3b8c4e0a827d14ed5c0133e4b014edfb53d84185e1d2f6eb72835661c8df3b7f,8,0x02514949957cd97fee6cbdff06e4b0eaf9d5702087d860601554237a4e3633e7,anvil
0x5fbdb2315678afecb367f032d93f642f64180aa3,0xf39fd6e51aad88f6f4ce6ab8827279cfffb92266,0xf39fd6e51aad88f6f4ce6ab8827279cfffb92266,1749340800,0xcc994788ba789e15c9b79a487357a1da0e79bd28045a1ef64b0e037f23bb80a1,5,0x32861a441b4bd45b375c8e734bf2cfde66b8c3c5eab00d4f06680dc87e270c58,anvil
0x5fbdb2315678afecb367f032d93f642f64180aa3,0xf39fd6e51aad88f6f4ce6ab8827279cfffb92266,0xf39fd6e51aad88f6f4ce6ab8827279cfffb92266,1754611200,0x75f42e80a92d514cb426b6d85923018ec8ed1ee1c9e83deaa0c71cdd90168ae8,6,0xb3210d1e5309dd63cb5a72805071f24dfa38e915e351a1737b3d62dd784c6e33,anvil
0x5fbdb2315678afecb367f032d93f642f64180aa3,0xf39fd6e51aad88f6f4ce6ab8827279cfffb92266,0xf39fd6e51aad88f6f4ce6ab8827279cfffb92266,1750377600,0x5bffa3f4d86827fd476598f5715651d2efe49b5a296a687043597c763df53e6d,8,0xa8985fed659987909e44c25f28f1a2ea1c76663c636d561509dc18270edb6b54,anvil
0x5fbdb2315678afecb367f032d93f642f64180aa3,0xf39fd6e51aad88f6f4ce6ab8827279cfffb92266,0xf39fd6e51aad88f6f4ce6ab8827279cfffb92266,1749168000,0xe07bee856484c043e0d41550e60f21501413beca0463347e4c88d2196e80f520,10,0xf2d8f2f31441a9ccb860b92f1f8d092a2494355dd29b5bcc279495a6a307ba2f,anvil
0x5fbdb2315678afecb367f032d93f642f64180aa3,0xf39fd6e51aad88f6f4ce6ab8827279cfffb92266,0xf39fd6e51aad88f6f4ce6ab8827279cfffb92266,1749686400,0xe8b55a6602d31d6674e562da2a56ee7a489bb50ebbdac29810363022f5caeca8,14,0x4b3043dde3dece3adee0efcd496ef460d73d15d790a1e4facac0add2b3668bc5,anvil
0x5fbdb2315678afecb367f032d93f642f64180aa3,0xf39fd6e51aad88f6f4ce6ab8827279cfffb92266,0xf39fd6e51aad88f6f4ce6ab8827279cfffb92266,1749772800,0x27b2d46c581ebb8816c34c0b0600c3371c7dd2afd6cd7df5b7d9dfc630a7ca63,3,0xb26d7fcebd099f83740037f3bc72b1614d81dee5df8d2664d7f6a60bbf00f99d,anvil
0x5fbdb2315678afecb367f032d93f642f64180aa3,0xf39fd6e51aad88f6f4ce6ab8827279cfffb92266,0xf39fd6e51aad88f6f4ce6ab8827279cfffb92266,1749513600,0xb5ffd9775af784e9cdb43d6997658ec94fc13a72f568c2582be681f0fe15a201,3,0x4d6ec12cb0d2fc28f90eacc4af5805fb55099c473f35b7b9b12ed8cb2d8c54a3,anvil
0x5fbdb2315678afecb367f032d93f642f64180aa3,0xf39fd6e51aad88f6f4ce6ab8827279cfffb92266,0xf39fd6e51aad88f6f4ce6ab8827279cfffb92266,1750809600,0x80a6b8a2e6077640c4dbb386b75204ca1aca154f9bd50a0e715b23eaa69e4973,6,0xec8edd04acb28b21a92e848c4fab1986649224504a45dc746c5442dd8527f63b,anvil
0x5fbdb2315678afecb367f032d93f642f64180aa3,0xf39fd6e51aad88f6f4ce6ab8827279cfffb92266,0xf39fd6e51aad88f6f4ce6ab8827279cfffb92266,1749686400,0xf6a8d6eda32d146e672c3b9e57b319ec5f35926179c18969bb2737cbdf349a01,3,0xce059e110508034f1d466660a8534bed3edaebfced355f0f2cd05a3ff8bffbae,anvil
0x5fbdb2315678afecb367f032d93f642f64180aa3,0xf39fd6e51aad88f6f4ce6ab8827279cfffb92266,0xf39fd6e51aad88f6f4ce6ab8827279cfffb92266,1749600000,0xf6a8d6eda32d146e672c3b9e57b319ec5f35926179c18969bb2737cbdf349a01,3,0xfb0e4319d42ee376dbe26eb2f7d358d677570d4171c43ce8a6179a6d5301760e,anvil
0x5fbdb2315678afecb367f032d93f642f64180aa3,0xf39fd6e51aad88f6f4ce6ab8827279cfffb92266,0xf39fd6e51aad88f6f4ce6ab8827279cfffb92266,1749600000,0x0e45345102c65ed41b2f56ae432bda531914fac8782dcb630cf6a40c77169ce7,5,0xb7dfbfa8df31799f395cf34529f63c8c800ec1fb7eeedeaac90c55879800d842,anvil
