contract_address,sender,receiver,pickup_time,distance,price,tx_hash,block_number,block_hash,network,tx_index,log_index
0x5fbdb2315678afecb367f032d93f642f64180aa3,0xf39fd6e51aad88f6f4ce6ab8827279cfffb92266,0xf39fd6e51aad88f6f4ce6ab8827279cfffb92266,1750291200,1,50000000000000000,0x75a2db49d11d4f30aaf06f2950a2de2499c1efdf74b12811dedd4bfbfa52430f,2,0xc40b7cda9d72828d826fa89bd9a9b662291b8d7e2e363cefffbb898091b18cb1,anvil
0x5fbdb2315678afecb367f032d93f642f64180aa3,0xf39fd6e51aad88f6f4ce6ab8827279cfffb92266,0xf39fd6e51aad88f6f4ce6ab8827279cfffb92266,1750377600,2,1000000000000000000,0x2b23101c7e9ac0b2946ba78dd264550943a676a82f757122e7af6242a518981c,3,0x9bdf94ee7fe9571a629f0beac0ffcdc79c8a3d3d6ba88595aabcf03b80460bfd,anvil
0x5fbdb2315678afecb367f032d93f642f64180aa3,0xf39fd6e51aad88f6f4ce6ab8827279cfffb92266,0x12812b4b7c9bac0df65a09dece0e07f85c49cb07,1750377600,7,10000000000000000000,0x4c94455d4ee44c77958a46f3236a9c4b1c1b744e78cbd0edfca67d42aa1a752d,6,0x20b86a904587e525e47ae7fe1174e58493a4875f4f3df425779262b35fc6e534,anvil
0x5fbdb2315678afecb367f032d93f642f64180aa3,0xf39fd6e51aad88f6f4ce6ab8827279cfffb92266,0xf39fd6e51aad88f6f4ce6ab8827279cfffb92266,1750896000,10,1000000000000000000,0x2087ff1a63ce7522e7f73c8df68cb266e5f06cebe55e4c2c0c6b149acc59753f,7,0xe1fedd6c62f98912d0a0eb2b5baf9ddd0b4a8f57280855b5c9196128927fda03,anvil
0x5fbdb2315678afecb367f032d93f642f64180aa3,0xf39fd6e51aad88f6f4ce6ab8827279cfffb92266,0x12812b4b7c9bac0df65a09dece0e07f85c49cb07,1750204800,3,50000000000000000,0xc6dd1f4ff790e2738f1870f8e4552a19acc9f9424f7cf9ea2f8f092b3539d5f5,2,0x5dde10fd8daa4ce23f95612849a8a492888bc58ef5367c47998bd0218cb46162,anvil
0x5fbdb2315678afecb367f032d93f642f64180aa3,0xf39fd6e51aad88f6f4ce6ab8827279cfffb92266,0xf39fd6e51aad88f6f4ce6ab8827279cfffb92266,1749772800,2,50000000000000000,0x936f345b8f3193bc54ad665aa314c4ac075ebd5a6bd578ff176c9041338b3e12,2,0x64f678158efdded2bed19ca9bce79413be60a6603e6764d0499fc8df47b28856,anvil
0x5fbdb2315678afecb367f032d93f642f64180aa3,0xf39fd6e51aad88f6f4ce6ab8827279cfffb92266,0xf39fd6e51aad88f6f4ce6ab8827279cfffb92266,1749340800,27,10000000000000000,0x2b8e499a827bc358587ebd59a1225049e2679444a8a668a6273a165cc06d4c02,3,0xad061938a0069b9a1eba74a62f6d7d0757f6f143bf7a632941f21e5b3a1bd92d,anvil
0x5fbdb2315678afecb367f032d93f642f64180aa3,0xf39fd6e51aad88f6f4ce6ab8827279cfffb92266,0xf39fd6e51aad88f6f4ce6ab8827279cfffb92266,1750896000,1,40000000000000000,0xbe610049db4c62d095238faf727f2b68e2df054af39e240c88b570ae7020568a,4,0x0d5a5271f2d4a2a5a96a9cb5d0923a06dda131846e6b562ef1ea80651e7bf0f6,anvil
0x5fbdb2315678afecb367f032d93f642f64180aa3,0xf39fd6e51aad88f6f4ce6ab8827279cfffb92266,0xf39fd6e51aad88f6f4ce6ab8827279cfffb92266,1750896000,1,40000000000000000,0xbe610049db4c62d095238faf727f2b68e2df054af39e240c88b570ae7020568a,4,0x0d5a5271f2d4a2a5a96a9cb5d0923a06dda131846e6b562ef1ea80651e7bf0f6,anvil
0x5fbdb2315678afecb367f032d93f642f64180aa3,0xf39fd6e51aad88f6f4ce6ab8827279cfffb92266,0xf39fd6e51aad88f6f4ce6ab8827279cfffb92266,1754611200,50,50000000000000000,0xf6ae3d61b54dd43460d16665b37cd1f2ea7904953b7f68c5aab094dabeb21a42,5,0xb48fdde74169f500a0a3e6767fde8a13036c0cd1040b0b9f66cdf6f9a0b0c7ce,anvil
0x5fbdb2315678afecb367f032d93f642f64180aa3,0xf39fd6e51aad88f6f4ce6ab8827279cfffb92266,0xf39fd6e51aad88f6f4ce6ab8827279cfffb92266,1750377600,41,10000000000000000000,0x8097f522d5fa06e9684f11f2f233471410f41624f086628f2af0e7c877d3a3ba,7,0x843c683a9c11665a1618abc728c241324bcb2afdc3f0bdd8be6d59f78f5afb47,anvil
0x5fbdb2315678afecb367f032d93f642f64180aa3,0xf39fd6e51aad88f6f4ce6ab8827279cfffb92266,0xf39fd6e51aad88f6f4ce6ab8827279cfffb92266,1749168000,40,1000000000000000000,0x9541cb5a97be38558618ec6d0ebdaceb52633dfb8c16afa0d52d20fa826724c0,9,0x7b4ae143ac678ca381698d43ef6d93ab830a5bc59d9ae4671c146942eae2d3f3,anvil
0x5fbdb2315678afecb367f032d93f642f64180aa3,0xf39fd6e51aad88f6f4ce6ab8827279cfffb92266,0xf39fd6e51aad88f6f4ce6ab8827279cfffb92266,1749686400,3,100000000000000000000,0x71d92ef7d8a3e8e31aa0eeb04494f173a83eefc8f0d767c896738405f742e608,13,0x36c014febcd058d7b780526542ecea4b6f2920111be1e9f2a76f5339272d902a,anvil
0x5fbdb2315678afecb367f032d93f642f64180aa3,0xf39fd6e51aad88f6f4ce6ab8827279cfffb92266,0xf39fd6e51aad88f6f4ce6ab8827279cfffb92266,1749772800,1,50000000000000000,0xcdcb9102b056d238330da6717515fb6ecf5bf408f675b9a9617260382ba6d110,2,0xe6d9e88966acdd00cbcecd62223be5acce0cdff1f25ae45b0b49b97e26e43efb,anvil
